51ffcc25,Aleshia,Tomkiewicz,FR5834,N
d7f64f31,Evan,Zigomalas,EJU3386,N
5c524f93,France,Andrade,LM335,N
6795f4ed,Ulysses,Mcwalters,BA2503,N
b2b76e1d,Tyisha,Veness,FR6652,N
98f8a06c,Eric,Rampy,BE851,N
cd3a834,Marg,Grasmick,LM397,N
11e8b860,Laquita,Hisaw,LM365,N
fca4bd9,Lura,Manzella,BA8857,N
95ac7360,Yuette,Klapec,FR5160,N
d9feb3d7,Fernanda,Writer,BA2503,N
17ee5f56,Charlesetta,Erm,LM385,N
78b28e6d,Corrinne,Jaret,FR5160,N
297099e,Niesha,Bruch,FR1049,N
a36bbba2,Rueben,Gastellum,BE851,N
7a3d254f,Michell,Throssell,E2107,N
c892d10b,Edgar,Kanne,EZS6917,N
8a9d70ae,Dewitt,Julio,LM347,N
520483c0,Charisse,Spinello,EZY488,N
a9f434ce,Mee,Lapinski,BA2503,N
fc8ab398,Peter,Gutierres,FR5160,N
c6195ef7,Octavio,Salvadore,FR1049,N
570cf255,Martha,Teplica,LM347,N
1a09f258,Tamesha,Veigel,LM365,N
29652ff5,Tess,Sitra,FR6652,N
a6fa9479,Leonard,Kufner,E2107,N
b3a2414,Svetlana,Tauras,EK024,N
eec4c550,Pok,Molaison,FR1049,N
cce3c740,Augustine,Growcock,E2107,N
fc22c41,Karma,Quarto,LM335,N
b7aa0eae,Reed,Weisinger,FR5160,N
96279495,German,Zelaya,BE851,N
6ed034fd,Milly,Savidge,EZY012,N
cb65a946,Luis,Ear,EZY426,N
97ea220f,Ciara,Cobbley,EZY808,N
cac5ee4a,Alethea,Mould,EZY012,N
8614c5a7,Margurite,Loperfido,FR815,N
720e6c94,Vernice,Sperazza,EJU2684,N
7b2349a4,Vicente,Rawicki,FR815,N
343c5722,Craig,Cua,EZY488,N
496a6528,Jenise,Dulle,FR6652,N
c58a8338,Marylin,Cornelison,FR1049,N
f53e66e6,Marget,Gunst,LM365,N
85933da7,Annett,Bunselmeyer,BA2503,N
deca7aec,Kip,Turziano,EZY484,N
7c4268d7,Melina,Orizabal,FR5160,N
145352c0,Tina,Clapham,LM365,N
a1ba95ba,Luisa,Devereux,EZY426,N
97316732,Pedro,Aschoff,LM385,N
c0045854,Carrol,Kunimitsu,FR1049,N
ac26b13b,Alba,Mosseri,FR815,N
dd6c1583,Domonique,Sandlin,EZY2686,N
13ebde84,Rory,Neufville,EJU3386,N
c163d559,Dustin,Klingaman,EZS6917,N
b09c7fdb,Lyndia,Moonshower,E2107,N
de2599e2,Jules,Hiltner,EJU2684,N
d79d306e,Dong,Kopczynski,EZS6917,N
175fa47,Justine,Salta,BA8857,N
f47521f7,Chantay,Kamens,EZY236,N
d3faa2d8,Tequila,Chisum,EZY6979,N
baa8b6b9,Maybelle,Consolazio,BE849,N
42e885f4,Margarett,Bairo,E2107,N
b8ed4502,Janessa,Noonon,LM397,N
b83304b7,Sol,Cowser,FR6652,N
8b462f83,Louann,Smethers,BE851,N
2da9a989,Lindsay,Yadao,EZY484,N
31c8cacc,Malika,Hanton,EZY808,N
7b0318e5,Stefany,Ferenz,EK024,N
668612d7,Abraham,Cratch,EJU3386,N
27113d1d,Giuseppe,Rohaley,FR5834,N
81da9a19,Kiera,Bassil,EZY2686,N
af486459,Wendell,Rubano,EZY488,N
b83232b3,Stevie,Stifflemire,EJU2684,N
6114aab2,Yun,Paletta,BE851,N
d28c9f8a,Brittani,Thurm,LM397,N
26b48894,Billy,Venus,FR5160,N
50db8d94,Brynn,Elkan,BE849,N
eca625c5,Elroy,Piehler,BA2503,N
9cb9c79f,Anisha,Shulick,FR5834,N
486b2304,Bettina,Kham,EZY426,N
f44133c9,Velda,Mancilla,BE849,N
519af067,Marta,Brace,FR1049,N
bb6c2ef4,Juan,Vanwyhe,EZY484,N
2e1f12f5,Lelia,Filion,EZY236,N
b72985c8,Una,Frankel,FR5160,N
fd370939,Eva,Joulwan,EZY2686,N
611543a7,Mammie,Dormanen,LM397,N
ac245c18,Jeannetta,Coolidge,LM365,N
c6a454a8,Elbert,Drawe,EZY488,N
913666a7,Lenny,Gazzola,LM347,N
edfb9861,Mira,Alpheaus,EZY012,N
460e88c7,Cathern,Ungar,BE294,N
647842fe,Malcom,Fleckles,FR6652,N
60b72f7d,Monroe,Damato,LM397,N
de3b0571,Leota,Fletchen,LM347,N
9aba1114,Berry,Gutoski,BA2503,N
3261c5b3,Meghan,Riherd,EZY6979,N
454b6741,Mike,Torner,FR1049,N
760a4222,Elsa,Delisle,FR5834,N
401a592e,Linwood,Rosenlof,EZS6917,N
36e83d43,Latosha,Alexy,FR5834,N
6ab675f3,Alexia,Meenan,LM385,N
ff839e69,Graham,Stanwick,BA2503,N
4726d91d,Elinore,Fulda,EZY484,N
a5a1577a,Lisbeth,Creecy,LM385,N
56df0197,Eloisa,Faurote,BE294,N
9e4f08d3,Shawana,Cantua,EJU2684,N
d32787b5,Alyssa,Ansbro,LM365,N
8177cbc4,Kyoko,Mcmillian,EK024,N
ff2f9897,Terry,Gauthier,EZY6979,N
29e0dd72,Sena,Langenbach,BE849,N
c2e5b68e,Cristen,Nesset,BE294,N
1cb4c256,Lashawn,Ker,BE294,N
c4cd27bf,Wade,Sovel,LM385,N
2a16553e,Whitney,Tishler,EZS6917,N
96206d81,Deja,Conatser,LM335,N
bf4007e9,Earnestine,Casper,EJU2684,N
7b755cf8,Frankie,Marruffo,FR815,N
6046f84c,Paola,Dease,FR5834,N
e4bf0007,Rodrigo,Hawkin,E2107,N
559ad90b,Luther,Alsman,FR5160,N
37a2e30c,Casey,Dondero,EZY6979,N
2ccf478b,Ressie,Bontemps,LM397,N
fd17c36b,Sean,Schurman,EZY6979,N
62d77ccd,Celestina,Pince,EZY488,N
357497e,Maira,Karas,BE849,N
642d8dbe,Beth,Barbone,FR5160,N
511c5d1a,Wei,Nobel,BE294,N
5c6eca5f,Melissia,Slotemaker,BA2503,N
b774ab62,Letha,Akey,EZY2686,N
43c262e8,Isaac,Semrad,EZY6979,N
424bf900,Kristine,Klipfel,EZS6917,N
abda0b41,Odette,Moussette,EJU3386,N
c5204803,Hobert,Panfilov,EJU2684,N
4f948428,Isadora,Mchughes,FR1049,N
110c058,Emily,Pogorelc,LM335,N
5e37caa3,Desire,Barresi,EZY808,N
6d7094cb,Rosalind,Stamps,EZY808,N
5d8b6c68,Vernell,Connley,EJU2684,N
4f6c1ddb,Micheline,Mathieson,EJU2684,N
7342987e,Nathan,Outhouse,LM347,N
74c502,Allene,Burau,BE294,N
2d313848,Julie,Sakshaug,EZY2686,N
84cd6bcd,Francisca,Shuhi,LM347,N
cedcf8c1,Marisha,Wilcoxon,EZY426,N
bffaec15,Telma,Maraia,EZY488,N
b2a1adf1,Luke,Crete,EZY236,N
a1a046a2,Hubert,Mias,EZY236,N
eec288ba,Janella,Altobell,EK024,N
a16bf4e3,Angelo,Lavista,EZY012,N
b15623d2,Tran,Mandiola,BE849,N
c8dbc5cf,Reynalda,Vanhooser,EJU3386,N
9a6a785b,Salley,Rieger,E2107,N
3ca8929c,Cheryll,Yurich,EJU2684,N
6ecc1bdc,Crista,Viengxay,FR5160,N
42922351,Lino,Sutulovich,FR5160,N
7572cd57,Galen,Wendorf,EZY484,N
17428ba6,Gilbert,Langarica,LM335,N
9269e996,Whitney,Goossen,E2107,N
1667539b,Socorro,Abrahams,FR1049,N
3d333e89,Mauricio,Flam,EZY6979,N
5c064907,Phillip,Aloi,FR6652,N
58f0b422,Gilberto,Erixon,LM365,N
c1494e0f,Thad,Puskarich,EZY484,N
d079fdaa,Bambi,Favaron,EZY484,N
e76eda59,Marshall,Kozikowski,EZY808,N
ebe3dcd5,Chery,Wiederin,FR815,N
9db3a11,Eileen,Montecalvo,EZY236,N
40ab0432,Melita,Szpak,EJU2684,N
c3cc44a4,Ashley,Jessie,EZY236,N
7cb4f4bf,Laila,Fend,BA2503,N
26b6fc9a,Bobbie,Guillereault,EJU3386,N
74924ebe,Dana,Paluszynski,LM347,N
823abaee,Freida,Newyear,LM385,N
a408afc,Val,Cellucci,LM335,N
5bb493c5,Horace,Knapp,FR1049,N
75102de,Joana,Reinecke,EZY484,N
518d897a,Tiara,Schlichter,EZY236,N
dc9ed8b,Dacia,Swaisgood,EZY426,N
94abe921,Myong,Babineaux,LM335,N
164c7aca,Gene,Bleile,FR1049,N
a8b15745,Kanisha,Difiora,EZY488,N
39399cdc,Ayesha,Moeder,EZY484,N
2258c00a,Lanie,Smalarz,EZY488,N
b5940bc,Jaleesa,Polintan,LM397,N
e54e7931,Tamekia,Flotow,LM397,N
3db9288,Ula,Otey,EZY236,N
36f1ae12,Rosendo,Ratel,EZY808,N
bf504de0,Timmy,Lintner,EZY236,N
a1e12513,Zita,Speltz,BE849,N
dbe37b15,Aleisha,Lemm,EZY484,N
5dd96849,Naomi,Lavezzo,FR5160,N
fb4fb733,Aretha,Bowling,EZY236,N
e3bb6de8,Mila,Figuera,EK024,N
4c48d259,Orville,Zuehl,LM385,N
49f5b9cd,Gabriele,Geschke,LM385,N
36f1e8d7,Kara,Jaquish,LM385,N
aeccc417,Kenny,Lin,E2107,N
2163d87,Vashti,Sugai,LM335,N
35d85d85,Jordan,Handsaker,BE849,N
2b997dd,Carisa,Degenhardt,EK024,N
4eb8ffb7,Audrie,Danaher,EZY012,N
6ac8269d,Shaunna,Rodamis,EZY6979,N
a6285d29,Coleen,Langer,EZY236,N
bd846248,Katie,Choinski,EZY236,N
1306f6ca,Dannie,Brau,BA2503,N
28e74f78,Ashanti,Donn,FR5834,N
455a5f6e,Madalyn,Dubberly,BE849,N
1234e283,Santos,Signore,EZY488,N
6312ca1b,Alyce,Flamino,BE294,N
b5df5b09,Pearly,Ero,EZY2686,N
56bb7bb3,Cherrie,Nitschke,EZY6979,N
135f9268,Maia,Shadd,BE294,N
66843ce7,Edwin,Logghe,EZY488,N
3533732e,Leigha,Semenza,EK024,N
37bd5b73,Walker,Seeger,EZY488,N
288164b8,Nakita,Rodrigues,E2107,N
2213ecb5,Kattie,Ozane,EZY2686,N
6b61030b,Lamar,Suite,EJU3386,N
bd09864c,Juliana,Uken,BE849,N
97ae070b,Chan,Loftin,EZY236,N
200f339c,Delpha,Detamore,EZY6979,N
d629f78c,Floyd,Tivis,BE294,N
7e708efe,Chantell,Besong,FR1049,N
e46345a8,Martin,Fonua,FR5834,N
246b7a70,Hyun,Erdman,EJU2684,N
f0611f5a,Nada,Arey,EZY2686,N
c84a3591,Elizabeth,Pata,LM397,N
cdfbc6d8,Dominic,Washmuth,EJU2684,N
21770dd0,Alise,Packebush,BA2503,N
5d8a6496,Flo,Bardsley,EJU3386,N
de4e3dae,Bonita,Sandblom,BA2503,N
d9a67cc3,Royal,Rush,EZY2686,N
bbe71d2f,Erasmo,Talentino,LM347,N
3db3b996,Mari,Smeby,EZY426,N
5f041daf,Eleonora,Ventry,FR5834,N
c239faf,Therese,Shiraki,EZY484,N
fe6218fd,Rodolfo,Scavuzzo,FR815,N
900fb44,Cruz,Fanelli,LM347,N
80da45e,Arlyne,Dellinger,BA8857,N
4b15291e,Edward,Strejan,LM347,N
6d669abe,Christoper,Sheneman,BA8857,N
fdac379c,Melda,Colamarino,EZY484,N
bbd9cbbe,Margot,Peay,EJU3386,N
1f63c4e5,Gerald,Drozdenko,BE849,N
461bffdd,Tomoko,Renno,LM397,N
5107a3c6,Mendy,Wassmann,E2107,N
592b2a88,Daryl,Hilcher,EZY6979,N
fb8400f7,Ty,Feeback,EZY6979,N
e74f0a64,King,Vanacore,LM365,N
55431231,Isidra,Varnado,LM365,N
f9e8c533,Tonja,Driesenga,EZS6917,N
ab33b98,Shaquana,Featherston,FR5160,N
84f0747,Gilberto,Feagins,FR6652,N
440cff97,Rex,Faehnle,EZS6917,N
e3415216,Adolph,Cunningham,LM385,N
db6758ee,Queen,Leader,EJU2684,N
348fffe5,Rebbecca,Rufenacht,BA2503,N
41022500,Ardella,Goldrup,BA2503,N
e2af4259,Dallas,Miyashiro,BE851,N
fa3b32ae,Vivan,Jenious,EZY488,N
fc5d961,Han,Dzledzic,LM335,N
b063afcb,Emilio,Guitierrez,EK024,N
f2ada6e2,Latia,Cos,EZY426,N
95945b95,Lilli,Cureau,FR5160,N
3db51c51,Maryanne,Siske,EZY484,N
2e544fe6,Eliz,Strimple,LM347,N
3cc2c9d6,Laura,Gumaer,LM397,N
cfce4fa7,Leanora,Respicio,BE849,N
ee28d968,Sherell,Pomarico,FR815,N
24e7c2ec,Charlie,Isita,EZY2686,N
80b5c5e,Veronique,Nuckolls,FR1049,N
317356c6,Antonio,Villamarin,LM365,N
f9516f95,Louvenia,Kincannon,EJU3386,N
eb9a7ce4,Roxanne,Hedegore,EZY2686,N
3a911943,Eve,Hoffstot,BA8857,N
c0c882ef,Kenda,Koza,EZY6979,N
1389b33b,Elden,Mercik,EZY488,N
81731c8,Kami,Ferre,LM347,N
3f97adbd,Selene,Zeng,EJU2684,N
dc77bac5,Deangelo,Rardon,E2107,N
ff2f8bbe,Olen,Ailey,FR5834,N
3fda7ad2,Lanie,Smarsh,BE294,N
f0f115b7,Lynna,Breheny,LM365,N
d2404e3f,Jody,Klitzing,E2107,N
e53840e4,Antonio,Glasford,FR1049,N
e1d782d3,Merilyn,Scurci,LM397,N
d89c18cf,Elliott,Kins,EZS6917,N
a2e2666f,Leonie,Devereux,FR5160,N
883cd6da,Eulah,Syrop,LM385,N
ebe4562d,Marsha,Tarry,EZY426,N
4939ecec,Mignon,Luger,E2107,N
321470be,Tu,Rivet,EZY808,N
bd579827,Adelle,Schantini,FR5834,N
f822f139,Douglass,Fonnesbeck,EJU2684,N
b117aa6f,Evette,Mazierski,EZY426,N
975249d3,Geraldo,Okoren,BE851,N
5be9fe15,Clarinda,Pelayo,FR5834,N
72ac460b,Reuben,Mccorrison,EZY808,N
d2365c2d,Yen,Groody,EZS6917,N
72ddab94,Tanja,Milne,E2107,N
d251aa62,Jerlene,Holtgrewe,BE294,N
2fa74adf,Almeta,Keehner,LM335,N
48237ce0,Wilda,Brigham,FR1049,N
2e8cb405,Remedios,Arlinghaus,LM365,N
de0f085d,Margret,Alcazar,FR1049,N
b22060bd,Denny,Casalenda,FR5834,N
3863f8f9,Carolynn,Atkison,LM397,N
4aa73a5e,Amina,Goulbourne,LM365,N
80b511e5,Janna,Przybyl,EZY808,N
1313cb0,Emiko,Sayre,BA8857,N
e4765e44,In,Muns,LM335,N
c52fc923,Eleni,Vanscoik,EJU2684,N
68458853,Kandis,Alsbury,EZY6979,N
c54da9f7,Kina,Saltman,EJU3386,N
bbf28d29,Jacki,Sterback,EZY2686,N
3a1ebb1c,Fallon,Kerfoot,FR1049,N
d2c75cf7,Precious,Brabble,FR815,N
38d6fe9c,Glory,Ona,EZY808,N
3cd396b0,Tamesha,Tyburski,FR5834,N
4b6ece26,Brande,Cutlip,EZY2686,N
1852c61b,Olene,Skubis,EJU3386,N
b39cafba,Carey,Marchetta,FR6652,N
878ab348,Launa,Torez,FR5160,N
7fab20ac,Dominga,Whitrock,EZY484,N
766bd9a2,Dwight,Belyea,EZY6979,N
e8a1cc18,Cornell,Mccrossin,FR5834,N
12fd0de3,Alverta,Topete,EZY2686,N
9dec9d99,Felicia,Claybrooks,FR1049,N
f142ebbc,Carmen,Gillham,EZY484,N
b51c09d,Ashlee,Beyl,EJU2684,N
25247f42,Vannessa,Land,BA8857,N
a2e2c788,Patti,Rempel,EZY012,N
78bdb3e6,German,Meyerhoff,EK024,N
383ecb4f,Anika,Marse,LM347,N
8a1c269,Cristina,Marola,BE294,N
fad7f68c,Lemuel,Allis,BA8857,N
ff0f94bb,Joaquin,Hysom,EJU2684,N
b40e5cea,Kerrie,Makuch,LM365,N
558243ab,Alaine,Raterman,LM335,N
a8b4bc52,Shannon,Kobayashi,EZY236,N
98f47cf1,Corinne,Holman,EZY808,N
8ded00e2,Heidy,Hallford,EZY488,N
9f88530f,Marylyn,Shonerd,BE851,N
f62dd23b,Maryln,Mortenson,EZY488,N
e547a3f5,Pearlie,Flori,EZY012,N
7bc0aece,Nina,Yaklin,EZS6917,N
350532a4,Vivienne,Torrain,EZY012,N
6a0481a5,Jacob,Kippel,FR6652,N
f57d01b6,Tula,Nahmias,LM365,N
30211d6c,Berry,Scandalis,EJU3386,N
f00f32e4,Kaycee,Carsten,BE849,N
214dcd98,Melvin,Setter,BA2503,N
ab84725c,Brianne,Matsumura,FR1049,N
e5dfa90a,Eugene,Pelzer,EZY2686,N
9500801,Margery,Rohrs,EZY6979,N
863d4265,Noel,Sarra,EJU2684,N
38b3d3f0,Beula,Lingo,EZY488,N
cfcb1ae1,Sheridan,Mckenize,E2107,N
8f084453,Dino,Meinert,BE294,N
58f3cf6d,Rebbeca,Rubinstein,E2107,N
6b44387e,Celia,Reisling,EK024,N
2d6568a7,Stefania,Weatherwax,EZS6917,N
a5a256b9,Leah,Luchterhand,EZY012,N
41934721,Billy,Selma,EZY012,N
16f4ec3b,Doug,Lucore,BA2503,N
72807d00,Veronica,Mcclodden,LM347,N
2790191c,Laquanda,Kho,EZY484,N
27754edf,Mohammad,Poitra,LM347,N
5abf02f8,Mozell,Westad,FR1049,N
5bca642a,Bronwyn,Bridgford,BA2503,N
34624ef6,Jeff,Brossoit,BE849,N
3419f21d,Shantay,Hopman,EZS6917,N
f813feef,Chantay,Jirsa,FR815,N
3253e161,Keneth,Stpierrie,FR6652,N
51a10280,Alton,Rampy,FR815,N
2dca4d34,Patrick,Teisberg,BE294,N
4d80dca1,Theron,Merriam,EZY808,N
d5c6ad82,Pilar,Seelig,EK024,N
cde7754e,Lashunda,Argiro,BA2503,N
33a264c9,Verda,Chiphe,EZS6917,N
e80b8094,Ashley,Tropp,LM365,N
39a3e9ec,Vesta,Havely,EJU3386,N
25dabc14,Emogene,Ritthaler,FR1049,N
7fd62c33,Shayne,Mordhorst,EJU3386,N
7e22fc15,Franchesca,Charry,BA8857,N
bf40eb36,Elmira,Ringlein,EK024,N
28466d5,Destiny,Madlem,BA8857,N
ffb8cc17,Gaston,Szumski,EZS6917,N
cd0813a5,Ronna,Mittler,EZY484,N
5d9bad33,Angelica,Poisso,EZY012,N
d988505c,Casie,Arzilli,BE851,N
d7ddc224,Magdalene,Cocherell,EZS6917,N
42fbef1,Erasmo,Gath,BE849,N
f3b53e72,Rosalia,Ziv,BE851,N
48aa7c7c,Lyda,Cronholm,BE849,N
b815fdcc,Lisandra,Stueber,EK024,N
aea00ab8,Sabina,Prok,LM385,N
53ab6f81,Elenore,Gomoran,BE849,N
5fa49171,Brynn,Capra,EZY488,N
b0c21cac,Leeann,Flory,EZY808,N
cee19b33,Janet,Steimer,EK024,N
7db31c3d,Lewis,Mellom,EZY426,N
aafb7e71,Jestine,Driscol,EZY808,N
f777b3c7,Tatum,Parks,FR5160,N
fbb49c58,Kayleigh,Bendle,BA2503,N
42671dce,Lili,Imondi,BE294,N
2c487d3a,Sunshine,Senechal,EZS6917,N
45243aa5,Remona,Heier,EZS6917,N
80c7a8ac,Gail,Carris,EJU2684,N
9baa286f,Dong,Oropeza,E2107,N
3b89a2e,Larue,Ocacio,FR815,N
aa985931,Goldie,Sonkens,EZY426,N
c45826ff,Shelia,Plues,EZY6979,N
7e74adb,Narcisa,Araiza,BE849,N
29380e04,Evelynn,Frede,EZY012,N
fce355c7,Arlean,Calaf,LM335,N
ed6ffa,Tamra,Yu,FR5834,N
6c124e79,Dusti,Maricle,EK024,N
c6000b83,Aracelis,Donham,EJU2684,N
c6d7a6fe,Filiberto,Fredrikson,FR5834,N
2734d647,Leana,Stackpole,EZY484,N
b933e546,Man,Homer,EZY484,N
452c9cf1,Lennie,Asley,EZY236,N
986e0f1e,Arletta,Naomi,FR5834,N
e79420d2,Chana,Perera,BA2503,N
e08d7de6,Nell,Pao,EZY426,N
2d4bff6,Antonio,Heilig,EZY6979,N
9ae7c6a3,Gerald,Kernagis,LM335,N
8d224c0b,Sueann,Mandril,EZY012,N
96c2294b,Alayna,Hoyal,FR5834,N
8899116a,Talia,Marthe,FR5834,N
be8b693b,Pansy,Kopan,EJU3386,N
126bba3c,Royce,Saik,BE849,N
cfc88fec,Cherelle,Sorrel,LM335,N
5849f102,Dudley,Dibartolo,EK024,N
3a2c1315,Nettie,Aldaco,EZY484,N
602f273b,Carline,Bulcao,EZY484,N
58680fae,Shanda,Lunger,FR6652,N
2d84cc10,Emilio,Withers,E2107,N
98b7f390,Lovetta,Study,BE294,N
a8e6fde7,Felice,Gone,LM335,N
276fd80,Stefania,Leadbeater,FR5160,N
d97e7522,Margarita,Orloski,BA8857,N
e2b075be,Paul,Farrin,EZY012,N
8b4f0372,Anglea,Tritten,FR5834,N
6ebe322c,Ona,Bowhall,EZY484,N
b7cf2807,Germaine,Hascall,LM385,N
996d3405,Vicky,Schellenberge,LM385,N
10b1355e,Carolann,Gross,EZY6979,N
471b7771,Rusty,Adelsperger,LM335,N
929fb3a6,Cassandra,Bludworth,EZY6979,N
f046d883,Teresita,Gesell,EZS6917,N
9aa768a4,Evangelina,Gius,LM385,N
928dea5b,Marlon,Tromblay,BE851,N
9da31e73,Quiana,Scarsella,LM385,N
19b432f1,Viki,Humeniuk,EZY012,N
9df585f2,Domitila,Weissmann,EZY808,N
cc69465a,Ivan,Aronov,EZS6917,N
ddd3cd9b,Anabel,Baldock,EZY808,N
d1cc96fc,Carlton,Blyler,BE851,N
a03e3f35,Rashida,Vera,LM335,N
4182c789,Sherron,Knodel,E2107,N
6a6b0779,Cora,Mossing,FR6652,N
570e0b3c,Altha,Tischner,E2107,N
b7d7e608,Dortha,Yaccarino,BE849,N
8389f554,Diego,Augle,EJU2684,N
72f9b214,Peggy,Khov,EZY484,N
c43c6a86,Walton,Yuki,EK024,N
6e97e78b,Vallie,Yafaie,LM365,N
29fc6667,Tony,Diazdeleon,EJU2684,N
83337d8,Val,Villot,EJU2684,N
3ce30cd2,Mel,Picciuto,FR6652,N
611a374b,Isabella,Piatkowski,FR5160,N
396bbe2a,Erasmo,Rhea,FR5834,N
c959dbb2,Ivory,Lohrenz,LM385,N
b7bd9bba,Nikita,Walka,BE849,N
af88b38e,Aleta,Ligons,LM385,N
ec685f8c,Owen,Jentzen,EZY808,N
40ad6391,Pauline,Fling,BE294,N
2c2cf2a9,Tijuana,Machalek,BA2503,N
208786ed,Ahmad,Alsaqri,EZY2686,N
dffdb1da,Jamika,Conoly,EZS6917,N
46b6e71e,Derrick,Dolloff,BE849,N
bcf54ffe,Jacquelyne,Reibman,LM335,N
1748aaaa,Zachary,Freeburger,EJU3386,N
e2c31132,Sophia,Gaucher,EZS6917,N
85cda954,Isabelle,Kono,EK024,N
d79b5871,Ronnie,Brigman,EZY808,N
8fe4fcd1,Krystina,Schlabaugh,EZY488,N
f1c2f54b,Rosita,Ausdemore,LM335,N
8f2d8802,Huey,Stancil,EZY808,N
a0a7cf6b,Elbert,Fiorino,EZY426,N
c8a4d2a4,Pura,Manciel,FR6652,N
ae192e13,Alesia,Katie,EZY484,N
4b4f9721,Avery,Veit,BE851,N
984cc12f,Reid,Euresti,LM335,N
b81eddc2,Charlette,Brenning,BA8857,N
aaf90cf4,Celestina,Keeny,EJU2684,N
44594af7,Mi,Richan,LM335,N
